{"cameraMode":{"drawMode":0,"name":"Shaded","section":"Shading Mode"},"sceneLighting":true,"audioPlay":false,"sceneViewState":{"showFog":false,"showMaterialUpdate":false,"showSkybox":false,"showFlares":false,"showImageEffects":false,"showParticleSystems":false},"in2DMode":false,"pivot":{"x":68.6959228515625,"y":452.4603576660156,"z":131.38351440429688},"rotation":{"x":0.28731393814086916,"y":0.14440709352493287,"z":-0.043864261358976367,"w":0.9458717107772827},"size":548.64599609375,"orthographic":false}