{"cameraMode":{"drawMode":0,"name":"Shaded","section":"Shading Mode"},"sceneLighting":true,"audioPlay":false,"sceneViewState":{"showFog":false,"showMaterialUpdate":false,"showSkybox":false,"showFlares":false,"showImageEffects":false,"showParticleSystems":false},"in2DMode":false,"pivot":{"x":184.64620971679688,"y":330.40826416015627,"z":340.6159362792969},"rotation":{"x":0.3154725432395935,"y":-0.015654517337679864,"z":0.005215850193053484,"w":0.9487912654876709},"size":661.624755859375,"orthographic":true}