{"cameraMode":{"drawMode":0,"name":"Shaded","section":"Shading Mode"},"sceneLighting":true,"audioPlay":false,"sceneViewState":{"showFog":false,"showMaterialUpdate":false,"showSkybox":false,"showFlares":false,"showImageEffects":false,"showParticleSystems":false},"in2DMode":false,"pivot":{"x":152.4761199951172,"y":376.29888916015627,"z":324.78460693359377},"rotation":{"x":0.46170076727867129,"y":-0.06905746459960938,"z":0.036094725131988528,"w":0.8836065530776978},"size":537.6195678710938,"orthographic":true}