{"cameraMode":{"drawMode":0,"name":"Shaded","section":"Shading Mode"},"sceneLighting":true,"audioPlay":false,"sceneViewState":{"showFog":false,"showMaterialUpdate":false,"showSkybox":false,"showFlares":false,"showImageEffects":false,"showParticleSystems":false},"in2DMode":false,"pivot":{"x":200.96469116210938,"y":367.1653747558594,"z":442.4236755371094},"rotation":{"x":0.24931325018405915,"y":-0.014524523168802262,"z":0.0037502069026231767,"w":0.9683067202568054},"size":76.31889343261719,"orthographic":true}